task_arrival_rate,task_execution_time,number_of_cpu_cores,average_waiting_time
9.363316680498972,2.8775276208281833,8,3.1795853342016853
12.538694940662568,2.749167431034555,8,3.2241299106959183
5.546577703682511,1.232078429801366,2,3.489009965248677
1.341933522313581,0.7928567851679533,8,0.0
14.448344579658553,2.3080440860802893,3,4.178968751621089
3.698032606163151,1.2354430942743415,7,0.0
10.377644913542962,1.8959690488711058,2,4.3384163809743495
5.889676164452466,2.952948207622957,1,4.065840020681378
13.38285824014405,0.9198789578879536,1,4.142966503400611
14.44675680053356,1.1563050596448206,6,3.0621505638798046
12.491136911941876,1.098916627703616,1,4.564126784539516
6.9331530124936185,2.5825683356978946,8,2.205349873522317
14.297637921432441,1.937310807094956,6,3.257542790349796
7.699462915455454,2.038504023727997,5,2.922120106265802
10.906080103748799,0.8456103070340671,1,4.143542737830482
9.101843661454721,2.635032838294111,7,2.761370721159714
2.8479122270590898,1.0734062082301639,6,0.0
2.40951185798983,1.5403690536214003,1,3.752131300261909
8.518171366095645,2.0708725571180846,1,4.025042324013644
12.982050306526006,1.0102386834792558,7,2.62536663474924
3.53983048603804,2.0516735094041945,5,1.0194211767216732
8.644775419659075,0.6632698221052908,8,0.008452792571925922
13.661997523709505,2.89471885023376,8,3.352851683923644
13.251056740487973,1.9215474707394522,4,4.013117974045252
7.168308725761609,1.9919798963726973,1,3.6897368369592924
1.3709276344841783,0.7462605715978592,6,0.0
3.4638568095343114,0.6080998965351093,1,2.8660411880358403
10.338225375421313,2.907327974591252,8,3.4702521295038533
12.675034295425007,0.694015497447191,2,3.266427861565853
2.906800660029411,1.4806892259022104,8,0.0
7.611068258158207,2.988703178018451,8,2.7081033194008755
4.98035517742205,1.303861988805981,2,3.153154628932403
7.7717358708494455,2.422936388714822,5,3.2041535456150045
4.6223262346186775,2.8157382013406744,7,2.7004547791711433
14.408851450740487,2.4013974735268997,5,3.5796959762044587
9.832749901166572,2.483003367650676,2,3.529046976672502
3.7096798144699097,1.4860896432429938,8,0.3876358124053602
12.973156793988473,2.7882303354535827,8,3.580154072215069
12.14732313566238,2.7028649580721202,6,3.334233439513399
4.641262265042697,2.5251630158025153,6,1.6405071284680488
10.692889623049226,1.0715363120652197,1,4.431849295263499
12.69696685970468,2.488128109524101,3,3.4066526094505054
13.724323127651092,1.9398091544538858,6,3.1320225951257297
7.829294045114973,2.7838085777741446,8,2.7729686021526225
9.924888847990287,0.7036779357151602,5,1.2569019990380554
12.707926701475163,1.4279687261886458,5,3.006574144211719
10.720794573120077,2.4470232507808216,5,4.1264425665931865
5.139734522407752,1.4886013832543148,4,1.7103715369008299
14.162739358646014,2.053426484010296,3,3.6130820267674646
10.775846518112672,1.2566332042364468,3,3.221769722715004
14.082514913856375,2.0878570244838324,6,3.2679446828799117
13.920348239512515,2.910063467074111,4,3.8206482434640234
4.971214303334008,2.2150787262449194,5,1.8112817854257792
6.228751089168574,2.1296410500479173,8,1.3300696930788096
7.911169058109348,1.6618088095309207,4,3.106025191036084
10.047317580787514,1.4574062992188987,6,2.4398623820274317
7.750188467825357,2.8303122386800372,1,3.7864328896189745
7.259309104765516,2.9504450269809706,1,4.328783754895643
8.79618258637475,1.3109711539856244,3,3.6105493578222334
9.678032488393173,2.6932896356035196,4,3.765230813637308
8.148886377959228,2.3172157740563524,6,3.2909121261254417
12.014502060661112,0.7920185322343969,1,4.405417055563677
8.734906057392372,2.4446938287153808,6,3.5622832797033266
3.2609585064555144,2.141320078476183,7,0.6660431777622366
1.0750353514666469,1.2159528519811036,6,0.012162202926678637
1.1114505369112126,2.589906772148136,3,1.086480684526767
13.822911001486517,0.8362244982593554,1,4.297502528418149
10.965563779276756,0.6318900144086446,1,4.289624517938094
11.68363881394321,1.6662708884409816,4,3.4980408154655183
9.41069204057324,1.1079159914204881,8,1.0736038045669878
7.953628727400889,2.8643581638688604,5,3.036731653534579
1.3329577629337603,1.4313717501543903,3,0.5551065892183791
12.489374344062128,1.4884655119887125,1,4.330022707630347
10.15517104006554,1.2449546449042224,4,2.6650191128602594
12.403303548053401,2.5738111493564952,6,2.899328719747828
13.541069803126957,1.1402873802579614,3,3.6435998053710623
4.737382754188289,2.8872390117341884,6,2.588156318705506
10.008889233380675,1.1632218971673316,3,3.997340686568141
4.655569914648831,2.244469738568495,5,2.0538813784388386
14.79626364862731,2.471761982475415,5,4.165652151422666
3.0583174937324804,1.1863400597474016,4,0.24077326593507056
2.0892172993387916,0.5594550481034462,1,2.9342888453478997
11.57636363210751,0.6263973650136909,6,0.922616121626476
7.4476998701619035,1.706938726705105,1,4.02641334701487
6.1260012374055375,2.815612676237167,7,2.690363426455388
5.2209205434357875,1.6030587698449315,1,3.7223962559858657
1.5680996773932496,0.9092659927223039,7,0.0
3.381009701312601,1.2826137283380943,8,0.028821918850269575
11.506780049261197,1.268117069454476,6,2.2731950172621196
3.2891554973095003,1.6019264843227672,6,0.6618589212590695
7.572649329194052,2.024783817057835,5,2.683543299733251
14.996704846062833,1.1937226909664047,6,3.0818560774999355
13.549530799308556,1.013609529268081,2,3.932765672934818
12.802922210232591,1.5805562646501943,4,3.4568524434416448
10.023644014095076,1.8054934534969287,4,3.642060698623459
4.024153064186082,2.183988407041606,7,0.5243154097291295
11.406618738769014,2.2962084078515614,7,3.4307227963299582
3.1616449656633803,1.431619497583832,5,0.20249337810116122
13.353077421033118,1.026145602823227,3,3.6443458993573645
13.245749639880398,2.4961233342346754,4,3.2281509739983605
13.45150669892377,2.746891810813313,7,3.1630991276701006
5.608955215641406,2.407991988778835,8,2.2502121108981394
12.679435428633937,2.5581629748783317,7,2.999374995253254
6.000435298032427,0.5009300199484943,1,2.4526069826778234
4.850910010494314,0.8383393635697327,2,2.5430613345847015
5.582502562818758,0.5581263734888102,5,0.036235364230073466
13.778147068290513,1.4712575779218293,2,3.7988932376015625
9.872494519406287,1.1346378864020314,3,2.7977763506113535
6.18686762834721,0.6907880617530386,1,3.236660339140398
9.337040479498796,2.2546082375594656,6,3.423642355456365
11.766085776664548,1.6304700043369011,1,4.706632857589757
13.02234412000116,0.8888038071937555,4,3.228686765981818
5.4941382745781935,2.2033693108867847,4,2.453855790313103
13.453070984349866,1.1536516088268343,6,2.955337037066956
12.222226484285565,2.776023919906188,3,3.8853232323079845
8.744319390781428,2.8035173451110067,8,3.0201479290049065
3.5994689341048254,1.2783013871125841,1,3.366220276424472
12.340936101469987,1.423391044962945,4,3.591105029606207
10.220906646736303,1.2445833230297567,6,2.1386560338143434
8.13697951355136,2.2819975790775757,8,2.9427521255678926
2.0822914087775004,0.6388393181158945,2,0.1292040929186869
1.0497604228263793,0.5308224601046231,2,0.0
6.282640994752782,1.6855407078448412,3,3.353838935284936
14.944870686533765,0.9808242990543343,7,2.806680485606883
14.182602107899728,2.221205071942678,3,4.053717868101911
6.329153065990078,1.8480988755877061,7,1.2892851087324741
5.207306493285423,2.452224359015941,2,2.6949245783083384
1.1762295539359988,2.7071646742980815,3,1.5386660291789318
11.430357119516946,0.9077632558025359,1,3.92806306493687
9.208817900610727,0.9242333363658585,3,3.209468555529021
14.714314964070253,1.5422938163926074,4,3.6431049005672294
6.3234900507587675,1.9295532843554688,6,1.9837613991516148
1.9629653163219722,1.6847821137752672,3,0.5416484157614341
14.440470161354007,1.8692480933733309,8,3.3317850148427013
6.616528202037271,1.7178909419559614,2,3.766418244163143
7.15052294521245,2.6703478747083866,2,3.714757174026343
13.265226872340532,2.2043730429592308,4,3.9399651424850277
4.013698148460293,2.056136489204161,8,0.061894131053261366
10.656727384298561,2.7909289081065127,3,3.855304629238514
11.922946939081989,2.1973537568119657,6,3.4110441157862135
1.3367738409395493,2.623716764536443,1,1.3606389739634417
12.984807417261257,1.511722772224948,4,3.532531097782367
14.20386427684097,1.5399851315528983,2,4.281299247105585
3.09422690937161,2.912094790584865,8,0.23778036278685938
4.060346264304248,1.1620841209004202,6,0.10682451211909738
8.761112001519773,0.5370934736449341,4,0.9164656180097319
2.4367113704771866,1.1914670620255456,8,0.0
10.474150401022676,1.5273837477071892,4,3.4493226864334403
3.728494594444909,2.1298186954677543,3,3.0038902881824288
11.16119007019978,1.540288930590894,2,4.198679692573764
11.662481991925821,2.0147185450783653,5,3.3341463716486133
7.251682530599622,1.4530983846153476,8,1.3531362734827705
10.438449627943374,1.6405706482520088,2,4.625619535083502
2.5948368905149533,1.2083432808117842,8,0.0
12.004390589710841,1.8062286271257801,5,3.6384561953266656
13.592558599382153,1.1573816999862625,5,2.948288997839143
13.942275776571815,1.0421273878650423,1,4.4217719649184435
11.831705382107188,1.1529894108104242,8,1.7145773613004798
13.971689996784653,0.9052346727450695,8,1.4321423804460442
6.581147912564419,1.1101403770965252,7,1.3569776864892111
11.30603280204934,1.891699408110114,4,3.6018702311682964
4.351617163018574,2.0509839538475356,5,2.40480221448788
1.4057796552772601,1.3797123378356597,3,0.7997081421376633
13.161782393253821,0.7289725053065215,8,0.3396240549886085
14.523664635226986,1.5625915247502407,3,4.151179732325814
10.80996201973162,2.9141803300153684,3,4.019531653901542
3.5751458344775733,1.8341289596417383,6,0.5663380479172827
8.89864387543378,2.2854584111759326,5,3.4893799685362037
9.139928020935871,2.6027244896128785,8,2.7528744177358986
1.0151632682291656,1.982408441668119,5,0.0
2.216643528789331,2.099426953622342,3,1.1192632654610781
1.5990887738811945,1.4557542927788538,3,0.14209883276898155
2.392318232725155,2.524536489161367,1,3.060459746114737
13.35541600521906,2.085440681007806,3,3.571811228339315
5.9185988196923285,1.6057302279525705,4,2.155996529386087
5.942404224462695,2.0030480252008838,6,1.9106393910913753
12.990403926795498,1.7442893270872777,4,3.5926126828901057
6.995561073276931,0.5645076591468987,2,1.7524078958915785
8.958264016191745,0.6160503126101922,2,2.9050226205148975
7.440061275206831,0.773007348527595,5,0.5895248411661144
12.654695263235507,0.6562974476767848,4,2.5214413728092206
12.130853492031736,2.5493317182106905,5,3.3461667700992423
8.280678699063598,2.9587099232924463,5,3.562394437537164
5.128725030855216,0.7713772666881414,3,0.8331469380661447
4.0200296652507665,1.3588124436525055,5,0.4158267697920425
4.488265368542763,1.7159645800625323,4,1.8160843171654684
13.523584372259851,2.5091510879935965,4,3.1275711167173936
7.412751195608598,1.5919647198798943,4,2.5958398197438566
10.887906249020986,0.7242126138346392,5,1.6717378395882865
14.216368819700651,1.8653060418949825,1,4.499164525416138
13.857693846765878,0.9992286134166921,6,2.468521098064665
13.205967038169176,2.5712927553345777,8,2.8981530975728926
2.4936286686249964,2.5543004645779255,2,2.2176621759373916
9.823351906181642,1.1287716086137802,8,1.150055853531509
13.671642850473841,1.251561466256845,5,3.072615832693771
4.441395847522053,2.034085494779412,3,3.103835278609752
10.888698810174539,1.5091513566828754,7,2.5797023860694286
10.315748970533365,2.2582715061780885,3,3.7412003642347296
14.556771866013152,1.0862376827852933,5,3.086683306395699
11.4250623188598,1.8458960468606016,5,3.208188148983057
10.25589939471017,1.0776486305827597,4,3.1430206339077564
11.934172661283576,2.2948494628725946,8,3.755281543418202
7.56197447733691,2.55291791458919,6,2.8321119734030025
6.918577201253737,2.4025223056336444,2,3.8871897583649955
14.936976509320695,0.614666837325399,8,0.4092267980729463
1.6274890235062645,0.8744292438166358,3,0.0
13.083560513589147,1.3739446417700922,5,3.5473188854723405
10.672285584356198,1.165854185092012,2,4.01840118181055
10.237757938895859,2.2645468955549886,6,3.2048215030908582
3.3907380894547225,1.4358644872363617,3,0.8185363605738949
2.647423994822293,1.2729095430608413,1,3.1460778352349594
9.601969673983678,2.821868397809056,1,4.185673148363563
4.695892578437232,2.3306393244459804,3,3.3767805366638997
6.472704983855188,2.2863944903630387,4,2.95619531313469
7.675931530668924,2.854201566236222,3,3.750969996424187
13.23315246221042,1.3738791604946539,2,4.260948346865385
12.630605832773531,2.150657576443214,6,3.190867254458847
14.004600195788575,2.2323188398835394,2,4.035592789785286
10.706844200038274,1.7947332294144367,6,3.1164563019740594
1.7884182363499235,0.7488621711445632,3,0.008704349553034873
3.78613734248089,2.0508207896721027,7,0.0010643454611972422
2.6155427158258524,1.6576693107721665,8,0.024437851723985087
2.6984228831151342,2.6529754405104224,7,0.23203541947947973
12.816802468451433,2.043482486882964,2,3.645035624125922
1.1191305710196437,1.6990698646875724,3,0.08076502455596578
8.596488132281856,2.9270814119617397,4,3.2606800849570154
12.137117053879534,1.4208327940754892,5,2.571600091422179
12.359238959570781,0.7715544068924571,1,4.299702878904342
9.125394073809655,2.814978939485209,4,3.539012145635648
1.4170201836075957,2.934721937913343,7,0.0
14.458467514034831,2.087226078133952,8,3.189326398119976
6.156880871958551,0.5035320634371161,5,0.011009976705332202
4.665597924984733,0.5733849046995277,4,0.03722811438178088
1.5451768907324328,2.454733666933625,5,0.4296587438150916
10.793071515384117,2.6249701239487058,8,2.9085021459366684
13.488204013553176,2.397211274323718,1,4.6941926209511955
5.235755324966106,2.279263398979923,2,3.4611993980073206
12.869340927369596,1.3388009092319304,1,4.346536390881649
6.419280449843862,2.764830554084407,7,2.0359440239966142
12.434561721856316,0.7090139090302728,3,3.4525388211094588
1.8751920298477625,2.973443538327614,8,0.0
13.182430321279,1.5040974787467616,6,3.01489753915568
7.918993754634759,2.8282141383116626,7,2.955209992145982
10.941745734006648,2.6438314562292877,6,3.360971469812498
2.4824054785167164,1.7983239106243192,1,3.8604908723144384
10.836605256685772,0.7104527208918683,6,0.5357460346640298
2.1942066507191575,1.5899443242168718,3,0.6590433506157534
6.978514343715578,2.602247558147347,4,3.0794023550839102
9.12906295827373,2.8802882664990292,3,3.6366316232231966
4.385658100697231,2.952508874539445,2,3.4004359188861644
9.632220956972272,0.6839746241637239,6,1.1343065325247905
14.830689328788997,2.9451894464669586,7,3.8118904574174626
1.4696877586336086,1.243493224272308,7,0.0
7.3611186854113555,2.9178451539402137,6,3.0773218474965947
7.724257524993032,1.2335038773941234,3,3.0424211878792495
9.582742003681647,2.481602965563167,1,4.693845540303044
3.0139557841173668,0.6054601696516633,3,0.03228685603429308
12.320776508901037,0.7268654042593063,6,2.0104161010566934
1.4558702095189129,0.9628250442364229,4,0.0
9.5516015014238,2.58329685553173,2,3.728151187265751
11.34648009219597,2.4165135839499645,6,3.544389518061396
6.369896886669116,1.2032662981327162,5,2.518188028503099
11.277884928320345,1.028227782337296,7,1.6884757192706097
1.5411097142012984,1.6159945090736345,1,3.344244889828233
2.850514671375094,1.1482385652355103,1,1.5114725096344366
7.186515328867512,2.4664466476349225,3,3.634111200129057
2.78173252844718,2.301012017685586,7,0.2624094405681341
5.788721784444157,2.428757561340961,7,2.6320874162009837
6.3914665524135685,0.9143850396505117,2,3.124166756080479
13.581051084448838,1.6886886913147443,7,3.326336484383736
8.380572410948272,0.7183254045327112,4,1.1564692495530504
1.4278123809693284,2.978508950064586,2,2.0863154890120126
12.440789644692865,1.6007230855511287,7,2.9366574934551344
10.415255534541314,2.2005307969398427,6,2.8629906195913066
12.71287260809795,2.677728508378271,3,3.787095026181673
13.139174395375997,1.7859309499839986,4,3.4993582031660693
13.456444183319796,0.5658170271289629,6,1.1670601926324968
9.687556668552004,1.832197730093347,8,2.1781431521211023
4.307206618104187,2.881226341565524,1,4.20413933182369
12.478020879696224,0.8548898406781298,7,0.9999407362410759
6.569575681191752,1.180673791931477,8,0.5075654608710939
5.715719594438898,1.9784516600427047,1,3.881091664199753
4.021611257184216,0.9688591141665457,2,2.3715767540960715
12.979089013271055,1.2345671589451213,4,3.3254813955458444
12.535074578660012,1.7344011466560314,5,3.5320686684787868
6.74049036739619,2.3705785500301495,2,4.140487504835225
4.949892319391727,1.5201882050164424,2,3.5136269598709022
8.039175428886644,2.9481108291839755,3,3.5023468755923197
9.28990491812717,2.064031493440689,7,3.0905779122982313
8.496768149740891,2.36899766225465,2,4.394094647363856
12.922711267783663,0.7317974328274419,8,0.7946003631327868
12.182441580716482,0.6889234882329222,8,0.5893529997326946
2.778840441093262,1.5703353672116855,3,0.509933129713634
3.5971948382260246,2.4195687266017214,8,0.12081554767412968
3.1045714307270993,2.26855337169909,7,0.1949097313062859
8.666762454653792,0.8009609315772042,4,1.5836427098273427
13.71388542492377,1.0656376814755966,4,3.9034591692205263
13.565274015814818,0.8257347673804856,7,1.9714586389081936
13.47521129264009,0.6546712375931508,4,2.672014495139094
11.88729781702452,2.3924689740007956,4,4.194706863452014
8.26598133080228,2.2421191385711534,8,2.6150968310605434
12.5223984358362,1.7565535063237334,5,3.529926829066951
11.054903251423895,1.832474295661269,1,4.226751248647088
6.425490653649057,0.5464514918435412,7,0.0
1.6638649404129338,0.7412074105951798,7,0.0
3.4358557542676857,0.6430417029317615,2,0.6753006728159301
9.713440604588488,1.1808659553974006,2,3.888961521034277
7.9024684703373635,2.3012673183598116,3,3.7956388863468424
1.7724797095867961,0.655023316176198,7,0.0
8.243930535646497,2.6188332443660247,7,2.8847978804449896
8.673851868467281,2.876207585503545,4,3.584466666765638
7.338824918009854,2.3526366824308056,1,4.321017376188381
3.5691052591880985,0.5530056207787868,1,2.8689213660746384
8.134284219748352,2.0840071067850436,2,3.396349675099393
12.312985483489314,2.2549321536594515,1,4.332450171671543
9.480093658012398,1.100109108306056,2,3.520887607676938
8.530214971582136,1.8401264945387945,2,3.8605337075363533
13.594522356789206,1.7774715571613307,2,3.6879375359938646
1.2740216364491173,0.985798324229546,1,2.413860794889832
8.914960669472372,2.4321979450610813,4,2.6872236338439617
5.525691428133998,2.323482770984387,4,3.1522616402251957
8.054292235681505,0.6041278881022151,6,0.23400328711813273
11.813378073256422,0.8065126513128522,5,2.662249234848881
3.7276540788522694,1.0909460566351943,8,0.04253554294946385
10.050657191980935,2.737406842550075,4,3.6358649468298783
5.6050035085644385,1.7014654089783696,4,2.749655445560029
9.879658508009834,1.349912807795329,5,2.9114339076909483
9.716334718283209,1.2775872768717562,5,2.9078587211384255
14.419565769821434,2.939809572639114,1,4.105195617769152
14.521466416997802,0.9942215601424935,4,3.2414330959132096
11.818999633687872,0.6558561105585345,7,0.25353610442365543
8.548669784410542,1.0284428039766684,4,2.890511021192015
6.990641542892713,1.3361716540673263,1,3.777513836116646
2.3943589966181538,1.5602065052208423,8,0.0
4.810475881216229,2.1603524315911544,4,1.2609137014999627
12.68352499483028,2.6514707856647544,3,3.714786416789668
4.540911124325941,1.5713061250282787,4,1.790726155036739
9.676460036838654,1.2006174369424247,4,3.2977803086499473
3.981268869033409,1.5749122340018922,3,1.74331519944277
11.231765221161329,1.246152574623131,8,1.5690525039778755
5.1241378603210945,2.2188851160235235,4,2.74411807465415
8.26743363173746,0.5387102756567875,2,2.9370817933113473
1.6016211288000382,2.5544590636796176,2,2.1008793805759765
3.247442444346264,0.5836558822511759,6,0.0
2.7429710499655524,2.667506101929452,2,3.4643481729736774
10.401080961592577,1.4383472433010178,5,2.0142933806070653
1.0001264984661031,0.6214376458665412,2,0.04676685925961056
12.089980226297763,2.4020712088876577,5,3.974745229837652
7.71930861339077,2.316188296468959,8,2.7352610281448215
1.6487259172422475,0.755609400943061,8,0.0
2.3188226372542933,1.346345739084654,5,0.20314344398107417
3.061818561157386,2.8770103848621957,5,1.8051733946827777
5.341910880495167,2.2810177250195016,2,4.17850287142696
12.88510940805312,1.4155303006588351,5,3.3250919891849913
14.798170326538733,2.32477561110284,5,4.125079686034152
10.5294569167488,2.589591278016583,2,3.6465647097900438
4.268962994677045,1.9779403133205113,5,0.7384925726958681
11.878380916167766,0.8566388030275902,1,4.285712464225049
10.70515312579376,0.8906286291151889,6,1.573326689774095
11.5725534348844,2.7489639054739814,1,3.980291254214263
14.300790790257505,2.62045513770053,5,3.398775398989465
8.540793239663202,2.8190163034007942,1,4.118281258529937
8.94029268391304,0.7619240434207221,8,0.2336497840939177
7.9404093171689745,2.384075274277179,3,3.215867578790108
12.106637782931726,1.8232642114023718,1,4.297820062501159
14.940591957952549,2.6501675611991073,3,3.6343451101968465
8.88638085952087,2.3179030072285265,2,4.142153873603949
7.279375868943056,1.8301468472465081,8,1.6627290911508745
1.9321365848788223,0.7682452971233412,4,0.0
9.112608403885607,0.6145308023969649,7,0.08861087631998461
1.7021974484452533,1.3881404766860839,8,0.0
2.4295690243112267,2.0261341812722313,3,2.548427358245978
8.251522972626118,2.9158339722320017,6,2.6561568220318392
6.926269999987886,2.0193869683718444,2,3.038878277459071
9.120965242475794,0.7790347075452058,1,4.0863745417262685
7.8206352311796925,1.2604143799061425,7,1.8479226776338569
6.5558273781461365,0.54276539745493,3,1.0562731686236804
10.413042568466011,1.2741316700841259,5,2.7883243852914363
9.197416574004292,1.943428271904814,6,3.147384007747508
5.284722571341785,2.2303979468877877,3,3.5892979461722705
3.588512709311887,1.8046204071818133,4,1.7307757567673063
4.576423147674964,0.5281074350287819,8,0.0
1.5174531438176504,2.005851453692242,6,0.0
10.404942315957795,1.6580262652971194,1,3.694442790151143
10.437585609537178,2.1068637127774226,7,2.6569681975859134
8.249102077683865,2.6692787249291205,3,3.563553290065484
10.476084784777477,0.6913084745753959,2,3.364400865688975
11.679348222156031,2.091133712407896,8,2.382547338242781
12.240971861588505,0.5103194837668266,3,2.704010023191289
6.807610816285063,1.5449945155358975,1,4.355120669982717
13.808383236776066,1.3979974101510788,2,4.3734407516295555
7.489050810059938,2.6795969222211937,4,3.2446268672824816
8.412829108240148,2.0264330363400376,8,2.3840830914804814
5.647832856738082,2.9781591041620605,4,2.929572438527784
11.663308730886524,1.473234624157287,3,3.7351171008034614
2.267835015034294,1.7557499196996311,6,0.0
8.464250843785923,1.6448644392964502,1,4.579184972769772
4.106104138732257,0.6448007211729679,6,0.00873657991100734
6.3643742064921,2.0987999852461776,4,3.1790279951283384
13.976408425675189,1.2754419230682497,6,3.326782507415897
3.3309717420117835,0.5450905559846654,1,2.1453443040937206
14.40761400095704,1.4159304652623803,7,2.5733505024301055
14.512299756759676,2.206271647648074,2,4.211106548184788
4.923830883696539,2.2834904383140264,6,2.022236392563682
13.567662622314943,1.3556716998611649,1,4.569472077482283
10.635489078457757,0.8808602069328924,3,3.164459327362883
1.5087015252326794,1.031360533572174,8,0.0
2.023599739547088,2.199094104476191,1,3.05869283171351
11.832203118762376,1.4415682466140598,4,2.918991834031455
12.02384802534815,0.964786550039516,5,2.871710551006269
13.165439860515228,2.6442623765068163,2,3.625351313989676
12.49740657614312,2.8977932539281674,5,3.5329149104428197
14.465853154386373,2.4913351602202933,3,3.7949038463231877
9.551598304765623,2.347751407126501,7,2.7921694285015644
7.371833000213848,2.212844449106961,6,3.070183809996846
8.079020589562546,0.5664365509359988,6,0.04078686123101167
8.90473768069778,1.6443963244834168,4,3.1976464426742095
9.213254285919719,1.142120959118499,7,1.2531195362358216
6.574235044407784,2.4048594777623675,7,1.8276464761207007
4.253714660449047,1.5833742840562135,5,0.6827532797313262
13.774927557294529,1.7461419570820453,4,3.9715407417439574
1.6908293737913316,2.7660286392565085,5,0.0025593923130671214
13.286534309806452,2.9132073599050226,5,3.788476126943942
1.5353431612910866,2.417510167557139,3,1.9748234096107469
10.170757416052762,1.8513987975688635,1,4.104688763285628
5.670731920408961,0.8493876187095859,7,0.19999676708177644
1.0925651341324107,1.9089552797113165,8,0.0
13.406670121724474,2.0017244318463874,3,3.30407441418713
10.005291614732114,1.8650332250259285,7,2.84548330177128
2.44282063369077,2.4599630436779902,4,2.2500592116368914
8.299876772832913,0.562813010070788,5,0.06340747221517942
6.6474700390948875,1.2295560396700507,4,2.557014556717398
11.31451645894917,1.8607205729486496,8,2.7726195838670322
7.898593013805607,1.5688043609152706,4,3.7777013666065793
5.7154051692450905,2.354286050377548,4,3.5781534537302293
2.313730376925976,2.9662641756264185,1,2.5901537646678308
3.259239776595485,2.234339176532557,4,2.302603080327124
10.570435872583525,0.8396169501830595,1,3.99898814321852
13.977277598656645,1.3183084427067628,6,3.55382402667149
7.842404644415091,1.4925255852894408,3,3.3041679194758378
1.5340571289851397,2.3142801254753875,8,0.011891552308264828
2.319262850858125,0.9507129839147941,1,3.3796679177390687
3.6455846061327835,2.6418882375807318,4,2.4343845983571493
11.47753876114825,1.8916833903932164,6,3.6235048763474
7.258107565307039,1.7380331461229697,2,3.4842850031995565
10.036102128439822,2.7822102079756763,8,2.8684975779171475
8.456274959872783,1.7474636219940844,4,3.44405760684483
10.002314231158593,2.3351974976991627,2,4.459016356048858
2.357045299459251,2.8699579547927883,7,0.23245368883003947
5.6419951360832705,0.9583909038630831,8,0.006242434921560777
9.03556776971159,2.482868355995875,2,4.1639881116921735
3.2892306033150756,0.8656499014184802,8,0.0
13.075479748538783,2.860161161304539,1,4.1475163034657045
9.981760892160663,2.1629084371010894,4,3.517944905024572
4.241346808446666,1.5999346446172047,4,1.496239293668906
13.58426113925041,0.5545018818037859,2,3.2908603784382136
14.009785721830122,0.8883563655942579,3,3.862300071232912
6.02135836844062,2.554246675337473,3,3.0034821930150346
3.8841119749657818,2.4548504824906727,6,1.1197893211730372
7.185741274982561,1.0656496412431893,4,2.705985603104129
10.504296751139533,1.3063874488103941,6,2.5977144350772097
1.8460119843435194,2.0765171882960827,7,0.0
1.4871530406973847,1.1929151277316945,8,0.0
8.559126281294759,0.7112603209432631,8,0.09957684335562693
14.647602691472406,2.3282970953462434,4,4.173042711927739
5.836030295889714,1.721165112304409,5,2.530913807058765
3.775291420225116,0.7262742918840424,5,0.0031368237774621953
10.4905683546469,2.9680670145094545,2,4.224173070756847
5.377030530255267,0.825671102230046,7,0.0021127118229011103
1.9996951017767226,2.544286607028982,3,2.2315268167969577
8.382645242470826,1.5530293564987525,4,2.9923368946977806
7.496298514386438,2.1646121735620474,3,3.100617951731786
11.039096324871196,2.3435715589339914,5,4.07705721663017
8.487092847306911,1.073584543624429,6,1.1161974707694833
7.463005449051313,1.4247526278496214,3,3.24560202520485
4.24477754121393,1.5120688746609274,2,3.2233714952258103
6.551778190056059,0.9402156763177287,8,0.0003977206679891564
7.89209883718031,1.7076718576949028,5,2.833848559583629
14.9917559409236,0.5474831834069342,2,3.8100877673977123
9.979242855421841,1.594934087143217,4,3.090369847476747
6.720768994802865,0.8765514478036966,5,0.4530107365550011
1.5101974454930212,0.7150790047065696,2,0.04239831506870517
5.925864539510263,1.7536124969352993,6,2.7492475350493146
7.8166234893442965,1.6991218049212737,2,3.8275231950986615
1.644746072807813,2.5922692637906577,2,2.653503253988664
9.095122410715344,0.8302979250044977,3,2.8915536266818567
6.627481673595131,1.851458774528091,4,2.915443505420165
12.743348827919665,2.584325906634219,1,3.7015560033271817
12.967043984955186,0.8855898776821387,3,3.465423306208446
9.057126080790058,2.465534337339645,6,2.8746437114553265
2.0860241707907274,1.3044189401769604,4,0.0764632080565459
4.083300624077675,0.5342069521651472,3,0.048828765163967225
4.475913470108285,1.1318016244457763,4,0.597850301473885
2.588510324787243,2.1356406145737443,2,2.1208640307015427
13.748174080460078,2.0404347060941808,3,3.4359268544389225
12.457799400188701,2.239224954224908,3,4.221371822740318
9.380735445874755,1.2316636643514114,8,1.194620452563188
2.1538616411713836,0.664906187418479,8,0.0
4.476341802042005,1.71992354076493,8,0.04748581275349231
2.3746586804498744,0.6101800671794964,2,0.0
7.857085424623775,2.2460712759282595,5,2.8102625133531145
10.570836341725588,2.7020606559663154,2,3.7868040172266784
7.7809493048144045,2.2258240536858582,3,3.772854543070012
2.910106357070089,1.4224699328112307,7,0.0
4.403807680544352,1.083128081832962,5,0.7702042309008088
10.392368535536434,0.8679018097144702,2,3.4496015358208205
1.0219297910983383,1.5300842628813809,5,0.0
9.830476973500483,2.0655580794279995,2,3.8815805174771874
11.51292067222404,1.662709557834192,8,2.158723820862703
6.674719724004749,2.284256720415094,2,4.059645615139017
9.122784451017761,2.6503107515355167,1,3.9183198414021256
13.239620735798344,1.9982237344535656,3,3.5727099515321767
8.471615068295879,2.2493110556216607,8,2.288259279498365
11.961477416211123,1.0817797954302768,8,2.39852716756386
13.333872352644327,2.8244008440216546,8,3.451166063956311
5.35179751225455,2.531470086517426,4,3.153283501775139
7.228661426154249,2.1963895154316893,6,2.799302587715928
8.40552604300984,2.5874350198059797,1,3.7117757145986716
5.164856834298357,1.9741881908543468,8,1.1269795654475683
13.639507558777085,2.340886711562897,4,4.042895394720827
2.8991892047945127,1.811354581724108,6,0.4780314831953142
10.434009758557808,2.959963166893978,1,4.398135779298077
1.5124488858943455,2.9874772335286175,8,0.0
13.497184026558834,2.502989314982798,1,3.6719619537285495
2.220335777629767,2.218315205365285,5,0.49677969220915913
9.04601363072972,1.0682736612481645,7,1.1964378423920876
10.876238685317826,0.7028649748036058,1,4.121872521538412
2.0956398928919118,1.3700137663960108,8,0.0
4.408126276650357,2.722464608228077,5,2.6154586911533215
5.639840877669634,2.088297800378283,3,2.9713229820451934
8.307590321326359,1.3787186638497204,3,3.162514269184536
7.562679962727481,1.1957440541369784,2,3.6056261420529774
4.223736096629244,1.1929905844807016,2,2.424388939393519
14.701202945314657,1.626337531120186,6,3.3959091844455878
9.687338112409028,0.5233170084748955,8,0.013902817357733594
7.7883305747402565,2.3191189034199127,2,4.245888004400891
5.237163178491684,1.0270556213486963,8,0.025672882122487545
11.39794938254483,0.5289961392425614,8,0.03114686907803472
10.435327366578644,1.3996595220159354,7,2.3997790894168802
8.317284057250625,1.4177273619143347,3,3.45586667920729
10.380765957328393,2.8089264767012923,6,3.620435769909816
7.172553620324374,2.266314322284124,1,4.368597071908201
12.86459099361221,2.467352431167317,7,2.649993480200786
9.53106569200159,1.4965464055426874,5,3.282761883349882
12.962485009302135,2.244922188124581,1,4.351095973585553
10.678651423271797,1.189545821827051,2,3.6108194150711435
7.970571141061363,0.7705729474393006,7,0.1012718924958456
12.969517518832259,1.9929985188818784,5,3.392997977861644
8.346753488289414,1.7590290372369006,7,2.8046519751922707
11.13670687459621,1.6421302336792114,2,3.8260216193651666
3.755638332118089,1.1968697748883421,7,0.0018208581583661594
5.051833912966446,2.6274060030777693,3,3.00081599820007
11.47897862225233,0.9463620161535364,2,3.8000916256936748
5.015381535893491,2.1829928860646133,1,3.9891063653480443
6.370016966393155,1.4773460591524066,5,2.5308308709985323
9.116716288724042,1.6874933417076372,7,2.177882234942829
3.2120838866854635,1.0351871048107815,8,0.0
8.718547040026749,1.5628394257134843,7,2.9417581714307617
8.398292543671914,1.652557399698782,3,3.5444280290947474
6.180275510588889,1.2947459025681551,7,1.4357058079803617
13.282517486324338,2.033700096074944,1,3.7612735139494013
4.968227919192966,1.6241210176590235,8,0.2895001684765575
3.1329127420562775,1.3303406926248167,1,3.851873141367723
8.373295865149922,1.5086458824170514,2,3.666809800772104
9.438720125702403,2.645172419953865,4,3.241317049432327
6.462365746787642,1.5153279988752384,4,3.257389202241639
7.931012900233972,2.278618003741297,5,3.587522012897012
2.910620039995603,1.5784955283579054,8,0.006000305220173659
1.970903455604426,2.6468461036696236,3,2.161075590960342
7.169410000240146,2.0974947432279984,1,3.7548223148197444
12.364025737078531,2.869500256418235,7,3.3572504373504075
3.947765675005457,0.6101802833137788,7,0.0
4.598672449141823,1.1341365778503572,5,0.2839390201963891
8.436666848949791,2.3091231752064902,2,3.9373043047071903
1.4373608674308662,2.0221680766325982,2,0.6270248701346279
6.932057004684252,1.032728068275211,1,4.138389460584578
7.362745991708727,1.3090760279873366,6,2.202221608496807
7.093931309897122,0.5234867564779886,5,0.012962118914618738
7.047731361709328,2.058178952942809,4,2.9845001506973894
8.514942949887313,2.1813356157225083,6,2.6642529775877564
9.694601421217651,1.4483785126777593,7,2.437347256106906
13.293180401564793,1.780181068957099,8,3.0673782156499985
9.865460691457837,2.1768078456185336,6,3.467322676780816
5.069516581471536,1.766124740631516,8,1.5869069069307482
5.575159044822646,0.5171070505137444,6,0.004299937144766247
11.591393517841071,1.851064586785332,2,4.218655357315138
9.813221631775077,0.562167738955504,4,0.939976707048944
3.95940650936934,1.2486481110943244,5,0.0754837432716752
9.76833008169764,1.1980336888327618,6,1.6751898516577912
9.70105989258578,1.9341584380783345,1,4.664323172917808
12.715099033225686,1.2415811361193336,7,2.782189761984055
8.412656837789102,2.369007114383393,2,4.4817930669124255
10.822127725012757,2.1731471509990774,3,3.2629422687146428
3.3467859488071197,0.8422568418542715,7,0.0
8.374770409195138,1.6121670443926692,8,2.0638859727747954
12.381235164529642,1.8632493108987078,3,4.284768066172872
9.601278403514288,1.9106596374274802,4,3.491816376039024
13.377510640176657,1.2508061858974098,7,2.8623626041524752
6.120548815587578,2.5631129886941624,7,2.4693966180299887
7.224778710476915,1.0366618755245265,5,0.9054057005340476
10.42949769988301,1.2903313972886152,2,3.807427789874126
5.236149898829742,2.521891830921996,7,2.01921096742596
10.685610955248384,2.814150799057469,6,3.250412173731181
13.898938035977379,0.9992957008949539,5,3.0220351470202553
13.989617620200262,1.4481228143350604,5,3.38914431009876
14.356955666804481,0.9405855191313381,2,3.9073804866834263
11.615746810490998,0.8557712418611564,8,0.7867734704580552
11.848639454391721,1.5995292017744447,8,2.1898448568306446
7.926504855397351,1.9024368926820867,6,2.7651574427245644
8.471018666932608,2.7409072527135914,3,3.528638278400132
1.8586749784144645,2.647733668676274,5,0.3979488977793175
3.4905506108328215,0.9597047688876577,3,0.5674103375130909
1.7318433889122233,2.145226788704758,1,2.900471928585076
6.79799187861065,1.2693545870746767,5,2.054020555999454
10.64255392810881,2.508691436217564,2,3.5052321346776765
11.596873241617875,1.6622721291186071,2,4.205429658754538
6.599283652423401,0.8549847736835807,4,1.1410127687893568
9.84568891460342,0.9036792037154255,3,2.8964921069285636
4.6615965879381696,2.0155675858726614,2,3.4259906934170203
4.160510253586411,2.458134768711618,1,3.3939521690752077
14.447413128793608,0.8607594956291862,3,3.524579660105891
7.33501604325108,2.876048667677317,4,3.2525619084442345
4.956806806772391,1.4067583515642732,2,3.2412279598599953
6.291455734616557,0.6513135479466843,2,2.8752121393942764
4.5228311343411844,1.3959012386877776,5,0.8147346209108896
3.073355294664504,1.8708935016575317,6,0.20795892827661
7.265421298019087,1.9207524561450158,4,3.66289557866845
5.091117272494446,0.7935051218660845,8,0.005755766003123316
7.166365226488619,1.6025186373750786,8,1.4485580291760556
10.593506706180648,1.1070632438809995,2,3.6232230955033975
14.850135952851671,1.7046902084882638,5,3.3525277757831864
4.759364604694365,1.6737415186561653,4,2.7842336388570437
3.727679320867341,1.3003734488399634,7,0.09606521218954725
1.0245006770144243,1.138907101612526,5,0.0
11.360351209822888,2.4061312251829405,1,4.760490831214596
13.265056762123647,2.9281475842719247,8,3.42166963259758
11.289721151457956,2.9430528347440648,7,3.6320101609178965
11.410152230866148,0.6071949182932369,1,4.378176005659842
4.582486907788487,1.8153021191318446,1,4.104790217626903
11.703616284804614,2.685525809556971,5,3.4093365019411737
6.4527415121444704,0.9982276386306164,2,3.1035931978683773
7.6512686850796765,2.05371783242291,6,2.3113259746215298
9.768471845737004,2.573474169487974,3,3.201919974367838
11.481066638545705,2.830125371586543,4,3.662901581317846
9.724666496545419,2.1226501652540426,3,3.683406941348618
14.767294856245595,1.332097950258655,7,3.055897473428275
13.139103134316354,0.6894594178353926,6,1.5781397314414225
8.491522749523643,1.5047446481572537,4,3.1565693280206983
5.963501080726525,1.3637694821638244,6,1.0946394770117414
3.346772999112142,2.504426683578117,6,1.1532684885208266
5.830580507534403,1.9657335107790759,7,1.4113774695797223
12.63588584185726,1.6529571662757079,8,2.469604870947795
5.269576736101922,1.2727066351414902,2,3.207899465575338
6.666327683532841,0.7308087961522196,5,1.384208372877477
14.837903970408284,1.0642710254465961,1,4.592468011687497
7.720751749565619,2.059314020810043,3,3.1533976101973082
1.4168093535627035,1.6883690415518642,3,0.3760775315800208
4.582416024695157,2.08660817950079,1,3.695104755318708
12.699757216028637,2.0496767076652738,2,3.7024681503245205
7.473982581218973,0.5775247023355365,1,3.703258778013427
5.100336294831162,2.0229135092098076,5,2.418221755159759
11.70801317121582,1.2344018005825548,2,4.034155860448905
8.202653219261569,0.956281405448809,5,1.4507279118013374
9.692015130558321,2.421247720125298,5,3.2295656390907603
13.833490073923262,2.617189752911978,1,3.895092152586895
2.570853156554686,2.8892749586766766,7,0.6740428152626226
12.132657301986962,0.8224114181202697,4,2.9568454817351806
10.304123782152859,1.5288872590692644,7,2.548305771721478
10.682724110636356,2.3744896686407495,4,4.131072565722853
4.807214018204791,1.9201118457460091,5,1.7328207613872915
8.30707570695126,2.183275141015666,4,3.0431409151204356
2.638879669258775,0.6072821128602983,8,0.0
9.02725918394761,1.2163255692754644,4,3.178330947452207
14.378195246772966,0.9411749637333626,6,2.797143940697005
9.881003784061905,2.1397953138497043,7,2.927877781127897
12.050132719290305,0.6001299888319431,3,3.593051660818459
14.219703649443113,2.812789871721306,5,3.476200569151751
14.100085835068011,2.871313135201869,3,4.069950854317505
12.667013229360435,1.4906040552751414,6,2.9510264691200794
8.020971818827812,1.9947047790030945,2,4.132967323216001
1.5928093598341202,1.6527160381693373,4,0.0
10.773105645713706,2.6831316867323585,3,3.568255727230248
14.045268458046746,1.002061547141098,3,3.718147906451554
9.515297472554265,0.7278251681431223,4,2.2640115961602763
5.832680595451072,2.191092729303147,5,2.6945314005766203
4.706996416811387,1.6170365176230126,4,1.9750606993729747
3.2759595526728926,0.7208955123324774,3,0.44592699597473584
14.022138672271538,2.3350593995523647,7,3.6153351964419853
9.569227471734491,0.8676085361333683,1,3.888524786776538
8.489992149231641,1.7825331251863443,1,4.286849108295702
14.686908632402318,0.5880786004004499,4,1.817446677398279
12.107097136606697,0.9507165880208802,6,1.6102632401814336
3.368910225573506,1.726304708878668,4,2.201767729526094
8.641321161087689,1.078748672735071,2,3.776393864471114
13.610745556575738,1.231222877582784,3,3.8134076267900383
14.778217982104714,2.5558179621384003,6,3.4003107854898045
9.943989215614625,0.9369980649004779,1,4.309796059538747
6.8035527061540915,2.96090170277349,3,4.016239937815026
12.183505748365645,2.777805542559839,8,2.9863970067140073
9.841202876101784,1.1154845407891727,6,2.6859000352764935
3.6569498137808174,2.431791599764962,8,1.3785578533343872
9.215743050552852,1.563091235584164,4,3.5199679957267707
1.9840023296379314,0.7608521093248717,2,0.02690425241888922
3.5846601331548484,1.4120399787926985,3,2.45055381200209
3.2749407685799197,1.1612576231058194,6,0.0
2.4159769859350444,1.611054146655216,2,1.2100646399802295
10.164670685086096,2.8599482918143417,4,3.434362544099675
8.606816602754755,2.23835164952082,4,3.5551472162055155
5.544392808871633,1.4231558069709038,5,2.1726853969075623
12.905467016332752,2.086557909419013,4,3.5124204613047554
5.471972894180923,0.5409601774882449,5,0.0615785074687223
8.297613287008843,1.7842426722202782,5,2.8760762094964494
4.88361330250112,1.72934940795589,1,3.715317708691583
13.917485181463544,1.3334931323107455,3,3.779272168813817
7.9702043567857475,1.1541384778059416,2,3.899139954811869
10.806520465209013,0.7555987602872909,1,3.7962989666468188
6.354652550349955,2.771478852512411,8,1.7229654552099776
12.28493342704309,1.7962564161470818,5,3.5423181937391925
12.369074739783457,0.8399590342529122,2,3.7629325520716788
2.1845020108262396,2.2349388776650443,2,1.9965351648748615
7.753935177989256,1.9513837572365973,1,4.779339196329641
3.6741978633190335,0.6951137973469166,2,0.9219965699872897
10.976647469670922,0.9448338589182534,8,1.3218065433684645
4.366631610609509,2.7908802054413657,6,2.3049627580327514
12.961123302620091,0.9447463176838387,5,2.7269500331846053
2.10327382082765,2.4972294938962154,6,0.5927905376245327
5.025694094031479,1.0905608974713414,3,1.7518801161381579
5.4127460522917055,1.7323485560018799,3,3.1259613699949003
4.648066429705922,1.6226176251106321,4,2.0945778789045417
11.116078689336913,2.149766494670743,5,3.5575606350350237
12.156675630045154,2.7685403308731926,1,4.107053244401517
2.576429768757496,2.7623828932910555,8,0.007207762038728749
13.689070519764098,1.7709385566835694,4,3.8350622503417093
12.604496315837299,2.504857315604514,5,2.882893138323164
11.6327751587995,2.9756448956717065,8,3.5558564203662795
3.379730090324337,1.314899444648617,6,0.023212807752777564
2.0188404790804544,0.9474387532170604,5,0.0
6.830370202193856,2.956339972013906,4,3.291694371491052
4.047370500095168,0.6317570197541231,7,0.0
5.692406117630435,0.9289666378151674,1,3.65817208965088
7.417336397285674,1.274178605097492,7,1.3813119586395317
5.825325628743043,2.884619516424091,4,3.0817692171902973
11.552701687549929,0.707814196657242,1,4.359996971452787
6.11257689033156,2.9650500168807006,5,3.4223073643403845
8.3731235256149,0.9964060643865809,5,2.153960508191193
13.062819197783792,1.8472715604564265,2,4.126282339890125
13.451789725927187,1.4506433345412697,4,3.4742844596207556
8.978343111172315,1.79278289496626,4,3.317905438952805
13.92718604386622,2.2148406022221923,3,3.943661233767675
12.105910468164078,1.9741197688241234,3,3.360967377523183
9.677458588727465,2.2646138959631363,2,3.991926872613804
9.949063170373323,2.7521984690506,3,3.571181791632575
11.418171581225137,1.6879605306592214,2,3.4490518454655508
9.739334877687414,2.7049243955304,5,3.3201438070513936
11.841582545483984,2.428949361499699,1,4.772515878518559
9.495884763319044,1.8386010519952685,8,2.670765607834863
9.768005929375597,0.7039533992862863,4,2.0034263726084536
2.204206114784127,2.5161061759517547,1,2.8559069564991426
4.9434659665553315,1.1645042398257817,2,2.2764774674125308
12.03050676835533,1.0717478533583393,8,1.8847579816871725
8.27202163280797,1.8466732285389036,8,1.1390281151967854
1.7156693791354178,0.65019820669566,5,0.0
9.95746134111788,1.3313630172876032,3,3.6112351709409363
11.440371499691668,1.0988903355882704,4,3.232725554224835
2.1869509473026234,2.588889374413992,6,0.11173643631928351
13.132968873296807,2.8031670594843145,4,3.6881437212271115
5.8953384371376565,0.670942838081814,2,2.0038072364354624
5.168964574716041,2.2837561390047934,3,3.23089874694957
14.39298400619826,2.1198070823292197,2,4.010233812357604
10.010645746359884,0.5096364497587755,6,0.32094847139813587
12.916833471201231,2.4770030810387995,1,4.8701635177575495
13.645155306301147,0.5492813353075638,4,2.7633026277643693
12.819899823267084,2.8704167586834175,6,3.608957370822672
3.1893232451128317,2.8141229962512684,8,0.6289668937285813
8.849736235297428,1.6671510548689628,2,3.544593353300069
14.392729862707222,1.4163012197003748,8,2.544353637777373
11.69576316494127,2.451536906525158,6,2.8150302235919913
9.156610874388104,2.5862377741759994,2,3.6495755253416986
3.647034508640367,1.8615412197690517,4,1.887755876855045
14.404593413807598,1.4697610033208914,1,4.229158315114355
6.121247177275439,2.713853653549078,8,2.669727724600167
7.8525762092173155,1.727232101398115,4,2.6604195626359037
12.276242216770319,2.197407189308522,7,3.1714558417868504
2.746213692143556,0.7886847761679425,7,0.0
4.722993653639145,1.88089112097013,6,1.808374118007461
8.008689603213975,2.4070686722453676,4,3.197556458275418
12.208016715667027,0.9347647321256509,4,2.9958308043016944
14.192646543120503,1.290761804352786,3,3.799747619936881
8.767285845056858,2.854381687083741,5,3.600705231899469
11.180238459649148,0.5525846813580588,7,0.12021669390505055
8.254797497544748,1.6215304067795075,5,2.920236889481122
11.06222789519939,1.4209562561858524,5,3.410031866782905
14.299970899396817,1.7705056530960417,4,3.687105254904536
13.541968393395774,1.341498372109069,3,4.050361314160735
8.524564852861065,2.2344059999272434,5,3.464035757250983
13.518070543291087,1.795725269804955,8,3.2198566155064214
14.759693584607543,1.077909756291839,8,2.0863941174065577
10.537930003501454,2.349416952747768,5,3.8096590269795403
5.741204183268794,0.6049121063773071,7,0.00020507632667717083
3.100874536960186,2.753718089070724,4,2.577493979347724
8.575274451544951,2.81002345036404,3,3.55693081806645
14.521107290400133,2.6159275787331655,7,3.271425893269345
14.63682514763839,1.1442191878351722,8,2.4330555041252393
9.742620240514501,2.6774485820448692,7,2.933464525606503
9.729813832805387,2.5985868242671932,1,3.5864634633693546
14.201995121970066,1.0492406376218353,6,2.5927269924939815
5.066966082362801,2.873053542503708,4,3.0960124913914413
2.8318371933116104,1.2881145690255744,6,0.022822199795960285
10.436594557667773,0.5176862747475542,5,0.13790560252402378
9.339744335551849,2.2746011072597243,7,2.8092539456709176
9.3821965196879,2.1251686679744894,1,4.158144045886435
6.734485341700717,2.7186059807904632,2,3.8025896828642414
3.985381733256935,1.3491894951115206,8,0.0019902244736984542
10.119834951094429,1.4923736269591132,8,2.15337524829867
8.57900532947656,0.5259077493406568,5,0.44466267205729904
7.037621536500869,0.821191435529376,1,4.242590225255844
6.857154511640528,2.480337919268803,6,1.9142323499500968
14.87472598141941,0.592105714576935,8,0.40740603469923176
10.62205146270475,1.972108825780314,7,2.9731936056821735
9.310298174185174,2.5840749480401524,5,2.9854360901664476
1.8750577137355815,1.3186191209089944,7,0.0
4.8530214248609145,1.3561307516636298,1,4.411059280884128
7.094177271160208,2.752996948756839,6,3.19193897882443
13.194549171191792,1.0814340990689746,3,4.12259934724705
10.292410324763795,1.844781479456836,5,3.444027196308049
12.875666730576146,1.5203037474634327,2,4.14986075418387
7.940679386115785,2.3149935359418015,5,3.6462711819110347
8.81654466647929,2.884011862707287,3,4.160516863608601
13.528793573101217,0.6835147999646793,1,4.280504983332207
9.262698049867872,1.9296188071247116,3,3.5330179749448174
2.3900732138104037,2.0525019525141923,4,1.0299854336682148
10.224455730412936,1.9974974142752586,3,3.274186664900449
4.647718934914782,2.7735542777148616,2,2.9819775323285644
8.634415604109796,2.498459728641853,8,2.5302067464188656
10.428615404114483,0.718577519487243,8,0.42594818445773014
14.260116628694558,1.4432012239584362,8,1.9378813388151115
12.080157204198288,2.410636690712683,3,4.49008764170449
6.541385172120733,2.9481897305426195,6,3.0182609020103057
11.62161197232455,1.8142832552371937,1,4.304492956038054
3.4613595745562264,2.907660774657932,8,0.1565293398555865
13.08519742466032,1.0411816657013993,1,4.51057514084378
4.9079189226025175,1.5600050565471597,8,0.3237854227490321
12.151574496190156,2.820053373905226,5,3.3695207556804476
14.272928123459756,0.7225044321672351,4,3.162094062672857
2.4429623942124703,2.044821126831173,7,0.006900037541719968
14.273004477962079,2.9081941002953484,5,3.9780241505271725
14.935729817311309,1.5802580343234038,5,4.1241691329058865
12.101687852579351,1.7994435197887446,8,2.485163839299129
7.655257454340726,1.663949024691813,3,3.265856295421779
5.615062755189619,2.950815861211535,4,2.66373059631393
7.168745861038849,2.3461118302714885,1,4.493867948629903
4.833569540278569,1.0773646195472124,6,0.13852759288965832
2.1762766349693816,2.866509452011046,8,0.2028835238983119
4.830761179925409,2.587618253752762,4,2.9884896581326386
8.662563476617745,1.435639759219934,7,1.8490892424292533
12.823945160229007,0.8962565687591424,4,2.789333314369745
11.758276746203032,1.994838484957006,6,3.424796325912467
1.7590513972374449,2.7311169678656975,1,2.6191870064618077
10.79457160751985,0.8649168270675901,5,2.4111829780662015
4.941585155976862,0.8482805023688782,2,2.3873896031215796
6.502437404487517,1.5629181840933306,7,1.312682233135333
9.695711935940281,0.9829148102824707,6,2.262688684320758
11.716817919377348,0.6225997856380151,8,0.10039669893993461
13.078763286126607,0.5141505910397571,7,0.08558220706304957
1.5152350812378257,1.150361030120177,3,0.058144127420170534
6.464210558757454,1.8599486285452502,7,0.46687488555870726
13.638629584997664,2.46120328122097,5,3.1374049551499317
5.706550383490622,1.3365298920494546,3,2.672350467457798
3.63951527905838,1.649690930640075,8,0.04409455075793727
12.560808544005411,2.094100934056886,4,3.6952533437078117
2.886570215664605,2.323651934911328,6,0.7023418046226112
2.0034517810515378,2.9787309475876644,4,1.8799250313816152
12.85061908046513,1.9843922250822423,8,3.2827583561449707
12.039491413477338,0.7286910298653122,3,3.324450160312183
1.2615192190639342,0.6392333334455818,5,0.00471054924213414
8.79254165151846,1.4694170393897326,8,1.6184298362245284
5.671930937139688,1.5048842380837097,8,0.3931476138580219
14.843902499878283,1.9503672406659238,5,3.677234471825891
4.88932503131315,0.5306129349450903,6,0.013970259099510418
8.028334603722222,1.3982324584163914,1,3.99375474569593
11.836208567204958,1.728943883895621,2,3.8894468257505124
7.873493719939116,2.680568319630098,6,3.129262488480471
12.720021587254134,1.4776626925038556,4,3.404063009101705
9.356706957826894,0.50762341347187,2,3.259635045910631
5.8788694438016105,1.4926783272015411,5,1.8263896399176853
8.992059417304294,0.7755478035399905,8,0.12723788421631935
1.45591758693198,1.4136279250058705,7,0.0
3.7598601911321117,2.60101479953402,2,3.2136642590175333
9.836953615083338,0.8917009075944017,7,0.6167306859320049
12.57453575438724,2.302103123121331,3,3.903323420802885
3.3354668291398606,1.9286223795730386,6,0.6141079362305384
2.8528009760680852,0.9424806290247735,8,0.0
10.899748146500281,2.878258128198129,4,3.6750479523533137
12.145601973252713,1.3714939648739457,3,3.9646078288379965
4.206767260577074,2.897973747617617,3,3.5355131948142624
8.100072023363884,2.5363734611990396,8,2.806421374068413
3.647567735517903,1.7523135925663298,3,1.9453937334523523
7.152139746939308,1.9686335589416033,7,3.0243885535259722
9.19417975641986,2.2535335191358197,7,2.826419660592018
1.6125191514174082,2.637363518129356,7,0.0
14.975885648692266,2.1788746153597,5,3.7674176471377523
13.220429416034026,2.8784722391104793,8,3.2159019671459577
2.282833075909844,2.6923367394244537,2,2.450636335431556
7.926437850898873,0.5892850898583314,4,0.4703862882229203
1.472109027132797,0.6337698018488112,1,0.6245625400894785
7.551679925426161,1.0808762336717932,2,3.716378429904803
14.22718145313623,2.285801088604584,3,4.219538636726917
11.24456460962794,1.591183364868147,6,3.1201944598030713
2.4847009897626102,2.0025478732975492,1,3.49985751611462
14.3080622113521,1.9143934350629008,2,4.5720190295377945
6.14844091213606,1.0596773665899788,5,0.6126096409421486
9.223982324529578,2.460112151830385,5,3.4559780884869706
6.572447650956412,1.372502109502387,8,0.2668462344820148
1.3484317013348104,2.1822484559443636,6,0.0
3.5245105764721174,2.4396967070555693,6,1.6823343566970195
3.330316571915241,1.014359367055258,8,0.0
14.253810604843538,1.2808681031247406,5,3.300913066988764
13.179435037664792,0.6494708702171604,4,2.635299248135977
4.872563714852538,1.206906475261976,6,0.23150044136817605
11.002030936779033,1.9008323803384974,8,2.7818897429993363
9.49420226186392,1.1652842662774148,3,3.225893240796776
4.422855162454665,1.24377717536878,6,0.2550021171883025
1.4919663808502925,1.914917393752395,3,0.4023146365708487
11.99239373868074,2.4047081799189876,3,4.069235016811771
2.4505822277676472,1.279693223476647,5,0.053320340191700094
2.180950437940994,1.0418630310984007,7,0.0
14.430784320122122,0.6846815025882859,4,2.920964485138767
5.71416305367287,0.5216124528431336,6,0.015084851241038822
6.41926574986225,2.9741419864260834,3,3.366371756301463
7.128479337447061,2.150316867085955,8,2.1976350623226533
14.946106589511114,2.564707562448393,4,3.283208528330258
9.191125330719416,1.01061368909104,6,2.0719383583287665
11.527813772992237,0.7422125745931594,4,3.0452335857964083
3.167057532492719,0.939426070083694,7,0.0
14.539205992138871,1.8889123703572062,5,4.010135390766668
4.7667482016024625,1.239081423507394,2,3.23888875982203
2.994247503307842,1.807982162145973,4,1.720933580461642
14.972947653162898,1.4215277054979825,3,3.6375390508763057
3.269421477265607,1.6887054427151753,4,0.9908205736414071
12.84062263781971,2.3294745147488265,1,4.446168889966399
5.653124526323786,2.329616549158091,2,3.8832224651789415
11.347641971288073,0.8894746686129589,1,4.346881835672163
5.370096745212971,2.058726863341433,5,2.467381396160105
3.4593201450864957,0.9178737588916324,1,3.4026883910992543
10.559345265180635,2.5122449496190216,6,2.725550886143908
14.269454265421363,2.259155882184422,4,4.0407841889564
10.831100101064653,0.5441135720799777,5,1.2885255040177015
8.238113295486396,2.370224598420946,6,2.9820984694831134
13.24385470212906,1.2516441830784841,7,1.8510261958826173
6.090690084826497,2.1865777102279256,3,3.5545220515329676
1.0462574173108359,1.116850176860285,4,0.0
12.679298362159685,1.9764540682878118,2,4.7251386036953
11.336734435813202,2.566104530563975,6,2.8979360832898773
5.306810485243098,2.002613763882876,7,1.0991972160737582
2.626325895036139,0.7840552178234329,3,0.012407757247320631
13.108301796446115,2.4582859985914034,3,4.227846358512363
11.475981591644292,0.8454032121772685,1,4.141922064396362
13.2472438784304,2.511743843661045,4,3.3298892270766967
9.452087949166183,1.075573016784351,7,0.5414273581237115
13.985797408038918,2.231211280694982,5,3.7708074237485643
13.580656402786792,2.1048986557554756,6,3.3455099261385675
8.591707448101682,1.9667577204655349,3,3.769526058307638
12.942771842408023,1.779481299441082,3,3.829459165184024
12.336535329695467,1.279052009581539,6,2.868544375569685
12.466855199861104,2.7707479346928223,7,3.370056583232032
9.7635817836559,1.0311271745113053,2,3.8899932488012183
13.09949687868795,1.1481046859608466,7,2.5482948542340833
13.620021578842525,1.683810137000279,7,2.970684935418868
12.709493466329256,1.6228337285589804,8,2.460835342875528
5.820106128898359,0.7044988416096455,7,0.0005885440041422798
1.768830180152562,1.2142843516859418,4,0.0
1.7829762855202302,1.9759321105253522,7,0.0
13.643241559444114,2.9859223788568703,4,4.101991247179315
8.180026000072107,2.6076181316542044,8,2.2465160912587487
14.085009818435914,1.6097591772584732,7,2.99061433592168
8.26577910842876,0.5186809457721465,7,0.0
4.2078906660657,1.754793815254087,8,0.06650638454714475
11.171740111297783,0.9014592413680074,6,2.187725922928742
2.9621549955658164,0.6604772818057207,2,0.10338837894365666
10.80373406669369,2.104768666606373,1,3.99175294944269
11.902872549121538,1.1163174827766573,2,3.990076013257818
2.4828877151409925,2.914903989072281,7,0.11296898946591219
6.6817197015097065,1.360115108254299,4,2.771101205593115
13.359353461966064,1.6251156866932812,3,4.261910342666679
4.942049523881609,2.359325882002076,2,3.4314486669917508
14.25374668136187,1.755964030355492,6,3.4456820837589377
12.347708020012792,0.7070786963289561,2,3.740770696220474
10.106089025852699,2.3583768752149017,4,4.04205089352739
6.677058159884645,2.764458737203679,2,3.8344555915659715
6.0803399050819,2.327278718439433,2,3.989067413334135
10.481650700703526,1.1245810039643584,1,3.9409298256507026
14.920501569007538,0.7148688354501105,3,3.292978039039362
8.746920410574514,1.7740051710560838,1,4.321721705045089
10.917409360463466,1.9645501309225977,8,2.758675260659119
12.631817544732622,2.596109675869526,6,3.0012107671003947
12.471930821874167,2.01497335383714,5,3.1750526023503114
11.636903629643795,0.9656566837307987,4,3.2775469648631774
8.037672772875828,2.465361837193924,5,3.0671984107028436
8.239147301735926,1.6453773499599842,3,3.6351935529793096
11.333381575329703,0.7575517410815154,6,1.7669077646939702
